ID,FirstName,LastName,City,Country,Phone,cashPoints
1,Guest,Account,1024,IND,0,0
2,Monro,Stangroom,1301,IND,379293971,0
3,Meggy,Hucks,1261,IND,809738688,0
4,Bridgette,Acosta,1215,IND,411405916,0
5,Broderic,Seawell,1037,IND,274861717,0
6,Lauritz,Bartelli,1117,IND,359393590,0
7,Drusilla,Greatrakes,1093,IND,878976833,0
8,Zora,Dettmar,1072,IND,605237034,0
9,Miltie,Nayer,1122,IND,318819747,0
10,Lester,Punt,1134,IND,926605335,0
11,Callean,Grimditch,1255,IND,281501263,0
12,Petra,Larcier,1185,IND,626199657,0
13,Fedora,Knath,1087,IND,746303285,0
14,Brandtr,Longridge,1247,IND,874109010,0
15,Doralynn,Gamage,1307,IND,613441065,0
16,Chancey,Woodburn,1353,IND,309930640,0
17,Jody,Alexandrescu,1354,IND,526808565,0
18,Rosemonde,Korpolak,1259,IND,451481913,0
19,Drud,McColl,1223,IND,518451388,0
20,Irma,Rouchy,1213,IND,546903323,0
21,Lannie,Onions,1066,IND,977165156,0
22,Dwayne,Dudek,1042,IND,314597176,0
23,Chas,McCloid,1289,IND,682607917,0
24,Tori,Synan,1218,IND,806624574,0
25,Angie,O'Reilly,1260,IND,942149219,0
26,Lezley,Glason,1235,IND,862697059,0
27,Geneva,Bellchamber,1271,IND,633961324,0
28,Howey,Offner,1362,IND,842386469,0
29,Emogene,Zuker,1358,IND,568181468,0
30,Quinta,Pelosi,1053,IND,999330793,0
31,Nicoline,Yarnley,1132,IND,202635945,0
32,Ada,Pelzer,1121,IND,646126877,0
33,Alasteir,Copper,1193,IND,905733284,0
34,Clayson,O'Murtagh,1235,IND,415515313,0
35,Marty,Trodden,1326,IND,815990005,0
36,Pip,Dawidowitz,1326,IND,861927882,0
37,Ibby,Vasilyev,1322,IND,312970814,0
38,Shandeigh,Lusty,1290,IND,418775692,0
39,Salvidor,Thrower,1122,IND,799044161,0
40,Bel,Thelwll,1260,IND,867305543,0
41,Jabez,Coper,1325,IND,616530608,0
42,Millisent,McPhaden,1111,IND,918940877,0
43,Farica,Gaskill,1350,IND,589800419,0
44,Korey,Convery,1053,IND,633385853,0
45,Vidovik,Veeler,1161,IND,744211165,0
46,Belinda,Western,1220,IND,954639316,0
47,Dierdre,Cauldwell,1085,IND,793214463,0
48,Katrina,Tims,1103,IND,991276892,0
49,Kyle,Fallon,1109,IND,307477587,0
50,Scott,Keddy,1058,IND,251210252,0
51,Maribel,Fazackerley,1183,IND,614395122,0
52,Gerick,Larman,1124,IND,605797940,0
53,Mira,Brydson,1206,IND,662772313,0
54,Latrena,Handy,1301,IND,981575238,0
55,Lira,Kilvington,1298,IND,521826439,0
56,Walther,Cleverly,1150,IND,618829731,0
57,Tyrus,Fedynski,1253,IND,681109373,0
58,Koressa,Booler,1101,IND,690094537,0
59,Ameline,Doige,1325,IND,938203735,0
60,Hamlen,Hanhard,1072,IND,245917545,0
61,Isabel,Weyland,1050,IND,269690624,0
62,Baxter,Chillistone,1264,IND,775605391,0
63,Lurette,Ceresa,1183,IND,836309832,0
64,Hazlett,Insoll,1353,IND,425951993,0
65,Sharlene,Pendrick,1137,IND,986815498,0
66,Elena,Rastrick,1251,IND,522698594,0
67,Caria,Pattison,1241,IND,661179096,0
68,Ernest,Correa,1349,IND,627199434,0
69,Shaun,Jacklings,1200,IND,735789785,0
70,Quinn,Gudgeon,1145,IND,233128747,0
71,Thaxter,Dany,1038,IND,217027962,0
72,Erica,Howsin,1324,IND,656929380,0
73,Nicolina,Knell,1154,IND,911132974,0
74,Harald,Fardo,1178,IND,739198631,0
75,Gardener,Goode,1320,IND,569029573,0
76,Dyanna,Sleeman,1136,IND,876521081,0
77,Jayme,Pruckner,1272,IND,603747638,0
78,Annabel,Sea,1327,IND,690103753,0
79,Joni,Gonnin,1104,IND,422859654,0
80,Belia,Shorthouse,1067,IND,229908246,0
81,Blinny,Antonsson,1273,IND,530530072,0
82,Chuck,Shepstone,1184,IND,843534702,0
83,Nichole,Mayes,1186,IND,882406786,0
84,Cass,Pauncefort,1294,IND,433431620,0
85,Corena,Ponsford,1107,IND,460322129,0
86,Clarine,Plunket,1308,IND,499853437,0
87,Timmie,Pinnigar,1352,IND,998917956,0
88,Hillyer,Bleackly,1125,IND,877394433,0
89,Erroll,Kildahl,1323,IND,877919345,0
90,Willis,Aberdein,1080,IND,831164249,0
91,Hazel,McNevin,1118,IND,325646072,0
92,Caddric,Janaway,1301,IND,876292656,0
93,Norrie,Heaney`,1153,IND,519717443,0
94,Ignatius,"Le Page",1052,IND,613751577,0
95,Suzy,Jakubovski,1213,IND,759410696,0
96,Chandra,Beharrell,1063,IND,206945368,0
97,Melvyn,Ivashintsov,1183,IND,286670369,0
98,Arabela,Antonsen,1261,IND,525582578,0
99,Romola,Evins,1180,IND,878747928,0
100,Jarad,O'Griffin,1227,IND,913312186,0
101,Seymour,Orteu,1244,IND,601589153,0
102,Sheilah,Rachuig,1221,IND,914764960,0
103,Thaddus,Plail,1163,IND,659890932,0
104,Hyman,Walthall,1144,IND,586256935,0
105,Sharyl,Folomin,1054,IND,225152855,0
106,Ardenia,Coolbear,1155,IND,300298108,0
107,Cora,Darko,1239,IND,580382067,0
108,Julian,Kimmons,1243,IND,341615963,0
109,Andeee,Hutchinges,1267,IND,734523182,0
110,Marti,Humpherson,1092,IND,789044973,0
111,Cyrille,Lawton,1070,IND,810186647,0
112,Nessi,Chatt,1044,IND,466783735,0
113,Margit,Aprahamian,1140,IND,983424018,0
114,Basilius,"Le Franc",1223,IND,407933175,0
115,Mickie,Rentoll,1148,IND,657573729,0
116,Ashlan,Youd,1057,IND,601859589,0
117,Ugo,Broadbear,1323,IND,515588331,0
118,Melva,Barszczewski,1224,IND,237367328,0
119,Winny,Colcutt,1247,IND,396243900,0
120,Eberto,Byatt,1156,IND,663080476,0
121,Lorinda,Coom,1176,IND,348204116,0
122,Ericka,Carsey,1206,IND,569266674,0
123,Shanna,Golson,1106,IND,608835427,0
124,Tedi,Brimham,1244,IND,829040279,0
125,Andie,Clink,1064,IND,593410400,0
126,Arabelle,Yarrall,1047,IND,917587400,0
127,Windham,Bache,1232,IND,982722044,0
128,Tedi,Willstrop,1216,IND,565350672,0
129,Sosanna,Stillmann,1197,IND,587775906,0
130,Gena,Bissell,1220,IND,237702410,0
131,Marney,Stoaks,1242,IND,815048104,0
132,Aleta,Bulger,1232,IND,768689520,0
133,Ezechiel,Reeveley,1300,IND,963393479,0
134,Culley,"de Courcy",1132,IND,873029615,0
135,Olympie,Clutton,1236,IND,992091765,0
136,Harlin,Crannach,1147,IND,253882189,0
137,Sid,Ivanets,1340,IND,580197027,0
138,Casandra,Judkins,1328,IND,640246863,0
139,Melantha,Kilby,1077,IND,809310792,0
140,Pier,Scrigmour,1028,IND,299446773,0
141,Othilie,Proffitt,1088,IND,851948644,0
142,Hewett,Simyson,1194,IND,946078625,0
143,Colman,Alphonso,1044,IND,787100279,0
144,Fulvia,Mount,1072,IND,459059685,0
145,Doti,Weson,1338,IND,606677874,0
146,Fulton,Fidler,1120,IND,875180467,0
147,Alyce,Gantz,1192,IND,692896977,0
148,Mirabelle,O'Flaverty,1319,IND,780058279,0
149,Jolee,Chisnell,1266,IND,281008399,0
150,Derek,Barkley,1328,IND,466766390,0
151,Rory,Witts,1206,IND,473675179,0
152,Gussy,Menloe,1206,IND,352446049,0
153,Coral,Base,1092,IND,223406268,0
154,Moshe,Inker,1234,IND,459128804,0
155,Noellyn,Billes,1264,IND,785689788,0
156,Skelly,Dansey,1292,IND,519363265,0
157,Brittney,Rundall,1186,IND,727189086,0
158,Brigid,Burnsides,1213,IND,394574515,0
159,Welbie,Klejna,1184,IND,799683892,0
160,Kimmy,Duce,1232,IND,706473575,0
161,Johna,Grise,1235,IND,578510013,0
162,Beckie,Balk,1146,IND,948947995,0
163,Christa,Dicte,1277,IND,266444153,0
164,Florri,Stoyles,1128,IND,944863749,0
165,Feliks,Aleavy,1238,IND,458048224,0
166,Jennifer,Fernie,1141,IND,494196491,0
167,Allegra,Rackley,1131,IND,638183597,0
168,Lonny,Raynes,1149,IND,894527272,0
169,Joellyn,Rangell,1062,IND,981411751,0
170,Lori,Davidy,1141,IND,677839749,0
171,Gayelord,McCook,1228,IND,625212621,0
172,Linc,Morphew,1196,IND,637319922,0
173,Trefor,Rayner,1182,IND,392717891,0
174,Jaclin,Corson,1187,IND,270013954,0
175,Kelvin,Klimschak,1163,IND,380949225,0
176,Leo,Goodale,1267,IND,982814444,0
177,Wallis,Eriksson,1261,IND,899177645,0
178,Stephen,Miskin,1327,IND,273672047,0
179,Anneliese,Pridden,1321,IND,308885695,0
180,Mildred,Raulin,1221,IND,434822257,0
181,Shirl,Anshell,1027,IND,479209961,0
182,Ignace,Orwell,1085,IND,838043979,0
183,Tracee,Muirhead,1190,IND,388381106,0
184,Quent,Fidler,1215,IND,255103168,0
185,Alair,Scripps,1299,IND,896168351,0
186,Katharyn,Craddock,1207,IND,776136970,0
187,Helena,Peasegood,1247,IND,644071585,0
188,Allis,Crellin,1193,IND,336149082,0
189,Arnuad,Dodgson,1119,IND,433302307,0
190,Benito,Sellner,1337,IND,919687036,0
191,Maisey,Magnar,1053,IND,483359079,0
192,Horatius,Esparza,1086,IND,592199096,0
193,Clyve,Trawin,1333,IND,385755990,0
194,Emanuele,Assur,1341,IND,211631071,0
195,Harland,Spanton,1173,IND,796636810,0
196,Garek,Massey,1344,IND,774931170,0
197,Moise,Benda,1048,IND,303090182,0
198,Martynne,Claxton,1351,IND,279124489,0
199,Timothy,McCaughran,1150,IND,334704112,0
200,Jaymie,Tamblyn,1216,IND,485422322,0
201,Karol,Dagnall,1359,IND,713406558,0
202,Raphael,Kleinschmidt,1077,IND,988808284,0
203,Rosetta,Collie,1226,IND,289256054,0
204,Papagena,Campanelli,1087,IND,285104939,0
205,Toma,Waker,1267,IND,849389823,0
206,Mikael,Elacoate,1112,IND,435392146,0
207,Thain,Cogger,1141,IND,543600635,0
208,Washington,Colaco,1070,IND,843779214,0
209,Barclay,Celand,1118,IND,992823607,0
210,Felizio,McCrorie,1103,IND,726320893,0
211,Florella,Spering,1303,IND,602211043,0
212,Alden,Boissier,1103,IND,258099897,0
213,Mariann,Child,1152,IND,512766430,0
214,Maiga,Brownett,1267,IND,961957187,0
215,Tess,Mitchall,1256,IND,675460045,0
216,Harlene,Doorly,1332,IND,791753473,0
217,Brigit,Oddie,1055,IND,505322426,0
218,Linn,Perrycost,1124,IND,494913158,0
219,Karla,Whitehead,1234,IND,690754413,0
220,Dolorita,Glide,1224,IND,529136674,0
221,Modesty,Talks,1130,IND,212021664,0
222,Phineas,Corsan,1050,IND,340018601,0
223,Corry,Balden,1198,IND,863562701,0
224,Ruddie,Dyster,1085,IND,842807562,0
225,Phillis,Doyley,1203,IND,215579543,0
226,Karlie,Spanswick,1139,IND,920125574,0
227,Bud,Clingoe,1160,IND,565691844,0
228,Bob,Attwooll,1195,IND,266686134,0
229,Jaine,Clutram,1137,IND,683807643,0
230,Brett,Antuk,1095,IND,593253078,0
231,Adolphus,Shurey,1090,IND,830683587,0
232,Jeanelle,McIlwaine,1216,IND,306318930,0
233,Terry,Gier,1107,IND,660440714,0
234,Anette,Carlone,1336,IND,368514987,0
235,Malina,Spieght,1072,IND,454001982,0
236,Bennie,Nurny,1194,IND,244481314,0
237,Eileen,Colvill,1150,IND,249677968,0
238,Greer,Brobak,1343,IND,829301036,0
239,Siward,McAlroy,1041,IND,924118899,0
240,Garrott,Huikerby,1144,IND,387150486,0
241,Willem,Tayspell,1153,IND,258286985,0
242,Giordano,Meier,1288,IND,298863571,0
243,Neil,Hawkett,1100,IND,803889911,0
244,Stacee,Giuron,1109,IND,908320070,0
245,Cleve,Restall,1350,IND,295058211,0
246,Muffin,Yuryichev,1264,IND,362139279,0
247,Kassia,Conneely,1293,IND,271494916,0
248,Carmelita,Giacomini,1190,IND,278300707,0
249,Pearline,Harryman,1207,IND,587213431,0
250,Gigi,Byrd,1315,IND,588861977,0
251,Timothee,Roscher,1356,IND,375651870,0
252,Ignacius,Lerven,1362,IND,405526117,0
253,Mei,Akred,1273,IND,838432150,0
254,Vassili,Bonafacino,1254,IND,864506654,0
255,Geralda,Extal,1043,IND,408275257,0
256,Derek,Sickling,1235,IND,348078553,0
257,Noel,Ardy,1109,IND,723469564,0
258,Jarrod,Belham,1279,IND,531163264,0
